File,Hash
pgdk.exe,640A69C2924E5BB537577E1A2FF460932B43F52D9C88A3BACA7FE39B9388B92B
0037f7733689a74f2678cba42a603866.cab,4EA493DB69E30FE4F0BE1D6DE2D60AACEF7F4D4D91CCCE58C86749D26B4A1542
120b38b03e1fe7823dcdd24eb5a8bcaf.cab,59B6108629F0E71FFFF18B7FD11523B7E7CF79BAF04D1D680EF59AF697C52516
2739cf1f86b785e33eea35c4e48ca7f1.cab,F5F449F713A1C0EC5E424A817836EEF2841167EDAF52F10BDF38220290BB1EAC
29ed3e615b33e5f98eeb2dc2ff475882.cab,7378F8AEC2B778C43267142683E044108AE1C202472AB08D4BDFB3D8F888FF2E
30679793b6e614f833a017b2e03aa8d6.cab,160D42DC4F2FC3D4B8725000A70A823ADA49B062B1FF4700D9E2503FD6112E9F
670febca25fedf84a45c7147c362244d.cab,4C4607B9E833FA17A078F8A83A9355079768DD1034ABC6FEA87793CB53C88503
76f86130718ca751edd6d8906ea62638.cab,876E7F047FF78E3979C12A160F249600C28D32B48E9FEFCFA0897CED7843B47F
7e85ae666854837dec3b2637a97c5ee0.cab,1EEF6E18F448D7A20124AAC31A1EC26A2EE41AFE406572B55ED00D9520546951
8c499b56707a4a2a53feb53819c881e6.cab,546CEA963DD4B5B68185A2312221B5DB485A2A11B6D28DDBA90D35B55889720B
b5a3a0cfca4a553d0272f020cd99aa37.cab,BDF7E7CC09D499596D371B910D2CDB07B62829CE1E9D0CD2E1E1F370DDD4D254
be91a880ff793bf3b90a60284bf3bad5.cab,320D96C729E3CE9F7FD8005930612778A3C67379DB9976C8379713EA9AD13F34
cb5d76c683a994a2bde8042e1d61e2b6.cab,9D106D2F32EF75FC7936A7566FD16B5F1E1B08F6DE001534CE370A9009DBE93C
ded860912bf935135bda92ea394b7237.cab,076316BAF3BBE2B4D8698A27A70533101603318B230ED198CE9E4C427EAE1BD6
e10d509ac138cbffc692905299d03436.cab,61A7FD0DC33410B7FD48AF1BB600574532BE2C3BA6DECD17D2550C9729499E35
f2e56827b392f0eb99672caf73dd3239.cab,EFC1C86CDE493AD16E934923DFD28F791994B64C0161325C2DD8788D755133C5
faccc661227fc6a4ddc96f6ea9e1b76f.cab,CC60FAF10FAA23536F9CD6CBDC92AED6DFED5371336FE9B7F8458244FF090FA7
