File,Hash
pgdk.exe,3F9FD2F04702530153577A5085EAB90454B62BD764D15C0D414D9764464BF527
0037f7733689a74f2678cba42a603866.cab,055238B2D2A34ED818BF8A66216CF976087190B58A4032906B83DD023E7592F6
120b38b03e1fe7823dcdd24eb5a8bcaf.cab,05BB08BAB6043DA41A59CFA7838508439DB2EC375989D149473F192A329AABB6
29ed3e615b33e5f98eeb2dc2ff475882.cab,2EE52FA3DC4F90839345BD356E8576CD9F6DC90C127F534F9D5DAE3180AA4490
30679793b6e614f833a017b2e03aa8d6.cab,F80AF921E1FC9839F20BFAA1AE9F9331847C32C6C5CD435DB8848F85FD48B5F8
670febca25fedf84a45c7147c362244d.cab,7FD81B2E7E4444428FE82EB6D500951D3066C412113B2DBBA2EC6F6272A529FA
684510cc5169f6bdb703004bc00da21b.cab,5AC5FED5A5F06BA019A2185B44297271E0BCBE2F15582DEE89878E87E1CB6F00
76f86130718ca751edd6d8906ea62638.cab,4B94A798E53F1C410F8EF8A735BCB2FE97D0AB62945BDFAF8D7E0BEEDCF4298B
7a840960c3ecdf664d4283614112b685.cab,DD6C7D16DFB5BC4AAF60F9F9AFE1C225BF045B5D21CB7F91993CD2CA89778782
7e85ae666854837dec3b2637a97c5ee0.cab,A807B1FB05471C73D06EA04F8863E6FBC6E67F4704C23274C2A31503DDD90F4D
896f53e30f7db35c7600bcbd0c7acd04.cab,A7DE594853BF3295F98BA849D676D66224C2A1BE2C0471AB4748357AC4EE0B93
8c499b56707a4a2a53feb53819c881e6.cab,85A6334C4E0A1221DFD7003D0C53BAD0D3E76591E5D0EB6BE7668D5AD1C5BBE5
b5a3a0cfca4a553d0272f020cd99aa37.cab,99DD1DAF3CE2301DBB4DBF5F4ED70333A538913184D7627A089A51ABDF93C4BD
be91a880ff793bf3b90a60284bf3bad5.cab,1C9873BB4A505464C489B6F00E3328822A322C3BD7A792ECFC31C6F5BEB4A080
cb5d76c683a994a2bde8042e1d61e2b6.cab,EE43D53EA28782AA0C2E2E445D0E1FDBDD6E08376E381AA1621EF1AA1E0ED37F
ded860912bf935135bda92ea394b7237.cab,9D7F6251C86FFE22C8506C1F5894E62846D4E56ECCADD19A740C6D291D907D45
e10d509ac138cbffc692905299d03436.cab,098034E56C86521F1220AEA60E09E784091F3E5EF6CEC45F5C19E05C86838324
faccc661227fc6a4ddc96f6ea9e1b76f.cab,EB2CD85C5505685CE3D92EDB4A8F213FAD47C596478EA51E2591FD2B1E685EA6
