File,Hash
pgdk.exe,7E2A66AC2ECAAC769455F043025F69178519BC6AFB4EED42D21145759A065731
0037f7733689a74f2678cba42a603866.cab,1E26903CA4A0B85809217998EE915C6C389E2998009A53A46843EABC39A3B131
0c1fee1f1fa4d6c8786fbc0c7b120f73.cab,D87F477562E240A89D20454DE58E1F00B12EA6AA6A1B20AADE09C9C7851D68CE
0dcddf57dcb7f31111cb5f6f6ff7ccc4.cab,392BA91849B83ACD33FEDD6FB60106D137ABF11B4D6814654ECA6AFFBD89AC3D
120b38b03e1fe7823dcdd24eb5a8bcaf.cab,6A9EACF5CD0387928B307AC84358D9D799CE25083B56C2F496B3890F1A7E815C
225844a1bab841099454c5237635d794.cab,5D3A89FAC5443FE9C3734DE60BDD8127486D6D8579710193D781C9350D32D145
29ed3e615b33e5f98eeb2dc2ff475882.cab,9C3CA33912944225726299C8996E4B8BAAF29F4400B2B6E295C8C9AF924EB80F
30679793b6e614f833a017b2e03aa8d6.cab,03D515E6F4FCC862138B13D368BFD9FB58B859C09960E751CD16029E4E5407FA
4d130c9bb17b42ddd2480080247f1974.cab,FC2AB641D2FACB7FF19BF7E4F1543DEA1061372F1EE4CB93B37593FAEB842411
5868e5de5f8aa2952743e66ae7294f75.cab,EBD1F07F30CE92C6AD112183E46C212B00B5CD3A390F51CD8370E92A1D1C0041
670febca25fedf84a45c7147c362244d.cab,0942ECBB104EC32466FDBDAF06173534E86AFAB80DBBFD3179B90D9E0E5F03E1
684510cc5169f6bdb703004bc00da21b.cab,99B191B7E48BDCC5CC818D2C6E6C61620F3D4E83B90664CE5D77DF8987AB096B
76f86130718ca751edd6d8906ea62638.cab,C7487A3B6D24B24F293A135E296963D63EFF91B1F82DA61765D35D2ADF6B1E6B
7a840960c3ecdf664d4283614112b685.cab,841D4FC0A46285617E9040E9683B96260C693AA26268E924628DC660E15F5253
7e85ae666854837dec3b2637a97c5ee0.cab,1DF49F65952573E7AE9EACF7F188A3BBF7EF6B495C88838EA2AA02B3531F99A4
896f53e30f7db35c7600bcbd0c7acd04.cab,C3F095E1CBAB0E171C97BFF7835FF07495310E5438AD9D262E0CF33220EB2EEB
8c499b56707a4a2a53feb53819c881e6.cab,3381BF7252B7C780633C504EE35FC0064AB545515B81165E7F78ACC2A29245C3
a0081bc6af0e22113755259a9279b8c1.cab,B2B01D6C13B8035D1C0DCD30160A6486F406FA27CDD3348A930F55D948E559BA
b5a3a0cfca4a553d0272f020cd99aa37.cab,F4FC6E96C1FFD5FF2431852FEE565CE307536B1CEA472F1EE0A2311247250893
be91a880ff793bf3b90a60284bf3bad5.cab,1E21F0B7A30AA76C62352892EF1327C835832832D45E9591098D008736805754
c4f69fa2f7d846a38736469a9568d733.cab,80E81C86216E2BBB50EFE538C7D39892E97DEB097534A29F284D9D8D52D25B7F
cb5d76c683a994a2bde8042e1d61e2b6.cab,141FD6700883C1C5FFE69F35392C3E3FD8CC923424B629C39C35F961337DE5C0
ded860912bf935135bda92ea394b7237.cab,5292B62B540E953F7CEFB36327B97907E7D070FAC0F1F668B419E5ADC68543A9
e1804a824a4f1019f939809b7470ec43.cab,8F39B4EA59CC8A8063C85F8EF2B8321E04788D35CD9EA38078627A444ABB8BF0
eb3a81b1afe8ad5d24a4e1c8b01808ce.cab,C0E3044351F167F7276905B7193191B19DA8DCF245B097E4BC623EA0ADB84BBD
faccc661227fc6a4ddc96f6ea9e1b76f.cab,B08C2D42683589F3CED73B2301DB9EA9887A36BF232196F7F569BFE554CBAFEC
